Division Name,Latitude,Longitude,Conservative National Party,Labor Party,Greens Party,Liberal Party,United Australia Party,temp,tweetText,tweetCreated,userLocation,Coordinates,TweetPlace,cleaned_text,clean_lemmatized,clean_lemmatized Positive Sentiment Score,clean_lemmatized Negative Sentiment Score,clean_lemmatized Neutral Sentiment Score,clean_lemmatized Compound Sentiment Score,longitude_x,latitude_x,distance
Sydney,-33.8847514,151.204,0.0,37924.0,13259.0,19551.0,1046,1,"That time when Trump, mid‚Äîinterview, scrounged to find and give @jonathanvswan a bunch of charts that looked put to‚Ä¶ https://t.co/OJmSkhorxO",2021-04-30 10:35:00,"Meanjin (Brisbane, Australia).",[151.19193525 -33.89352578],Carriageworks,"time trump, mid‚Äîinterview, scrounged find give  bunch charts looked put to‚Ä¶","time trump, mid‚Äîinterview, scrounged find give bunch chart looked put to‚Ä¶",0.0,0.0,1.0,0.0,151.19193525,-33.89352578,1.479647876895007
Sydney,-33.8847514,151.204,0.0,37924.0,13259.0,19551.0,1046,1,If everything is God‚Äôs will what‚Äôs the point of seeking temporal power?  Surely it means that PM Morrison has no co‚Ä¶ https://t.co/BUsGQzWeer,2021-04-29 08:39:01,Sydney,[151.22082906 -33.87934449],"Darlinghurst, Sydney",everything god‚Äôs what‚Äôs point seeking temporal power? surely means pm morrison co‚Ä¶,everything god‚Äôs what‚Äôs point seeking temporal power? surely mean pm morrison co‚Ä¶,0.209,0.0,0.791,0.4404,151.22082906,-33.87934449,1.6647675880487933
Brisbane,-27.446,153.0280495,524.0,0.0,17228.0,0.0,968,1,"after 8 years,  plus two years  delay due to #covid19 finally at the Ceremony of new Fellows of @RACP üëç https://t.co/Penon1wYJQ",2021-04-30 05:04:20,"New South Wales, Australia",[153.01845789 -27.47627438],Brisbane Convention & Exhibition Centre,"8 years, plus two years delay due  finally ceremony new fellows  üëç","8 years, plus two year delay due finally ceremony new fellow üëç",0.0,0.161,0.839,-0.3182,153.01845789,-27.47627438,3.494655827638049
Canberra,-35.270926,149.125,0.0,0.0,17417.0,20427.0,1119,1,"Australia and Germany are working together on #hydrogen supply chains.

Thank you @GermanyInOz for a great discussi‚Ä¶ https://t.co/oi29Zp4Pvu",2021-04-27 08:18:38,Australia,[149.11236227 -35.30787699],Embassy of the Federal Republic of Germany,australia germany working together  supply chains. thank  great discussi‚Ä¶,australia germany working together supply chains. thank great discussi‚Ä¶,0.485,0.0,0.515,0.765,149.11236227,-35.30787699,4.26318680154383
Canberra,-35.270926,149.125,0.0,0.0,17417.0,20427.0,1119,1,"#LATEST Australia surpasses 2 million #COVID19 vaccine doses, but the public will not be told how many people have‚Ä¶ https://t.co/jVZapp6GDl",2021-04-28 11:38:34,Canberra,[149.12978253 -35.31397979],"Canberra, Australian Capital Territory"," australia surpasses 2 million  vaccine doses, public told many people have‚Ä¶","australia surpasses 2 million vaccine doses, public told many people have‚Ä¶",0.0,0.0,1.0,0.0,149.12978253,-35.31397979,4.80398205016128
Canberra,-35.270926,149.125,0.0,0.0,17417.0,20427.0,1119,1,Pleased to meet with Thai Airways and Consulate General Sydney team on 26/04/21. One year ago-our 1st TG 476 repatr‚Ä¶ https://t.co/hJAaJdnC2x,2021-04-28 13:52:11,"Bangkok, Thailand",[149.12978253 -35.31397979],"Canberra, Australian Capital Territory",pleased meet thai airways consulate general sydney team 26/04/21. one year ago-our 1st tg 476 repatr‚Ä¶,pleased meet thai airway consulate general sydney team 26/04/21. one year ago-our 1st tg 476 repatr‚Ä¶,0.162,0.0,0.838,0.4404,149.12978253,-35.31397979,4.80398205016128
Canberra,-35.270926,149.125,0.0,0.0,17417.0,20427.0,1119,1,What a difference with @PMOIndia‚Äôs decision to allow the #Amarnath pilgrimage to go ahead!If this Hindu event is al‚Ä¶ https://t.co/la0oGdX7vC,2021-04-28 23:06:55,Canberra,[149.12978253 -35.31397979],"Canberra, Australian Capital Territory",difference  decision allow  pilgrimage go ahead!if hindu event al‚Ä¶,difference decision allow pilgrimage go ahead!if hindu event al‚Ä¶,0.215,0.0,0.785,0.2942,149.12978253,-35.31397979,4.80398205016128
Canberra,-35.270926,149.125,0.0,0.0,17417.0,20427.0,1119,1,Why am I not surprised to read that experts seriously believe that the real number of #COVID19-related death in‚Ä¶ https://t.co/K0n8FhIZ3K,2021-04-29 00:09:48,Canberra,[149.12978253 -35.31397979],"Canberra, Australian Capital Territory",surprised read experts seriously believe real number  death in‚Ä¶,surprised read expert seriously believe real number death in‚Ä¶,0.232,0.406,0.362,-0.5267,149.12978253,-35.31397979,4.80398205016128
Canberra,-35.270926,149.125,0.0,0.0,17417.0,20427.0,1119,1,This is an excellent piece about what drives @PMOIndia. Meanwhile #India‚Äôs health system is  fast collapsing under‚Ä¶ https://t.co/CfJy1ByZOg,2021-04-29 00:34:14,Canberra,[149.12978253 -35.31397979],"Canberra, Australian Capital Territory",excellent piece drives  meanwhile  health system fast collapsing under‚Ä¶,excellent piece drive meanwhile health system fast collapsing under‚Ä¶,0.287,0.171,0.543,0.3612,149.12978253,-35.31397979,4.80398205016128
Canberra,-35.270926,149.125,0.0,0.0,17417.0,20427.0,1119,1,Another #fail from from this useless #RWNJ #Liberal #Nationals government:  If you search for #COVID19 #vaccine sit‚Ä¶ https://t.co/y0KbXWayTH,2021-04-29 04:17:57,"Central Tablelands, NSW",[149.12978253 -35.31397979],"Canberra, Australian Capital Territory",another  useless    government: search   sit‚Ä¶,another useless government: search sit‚Ä¶,0.0,0.412,0.588,-0.4215,149.12978253,-35.31397979,4.80398205016128
Canberra,-35.270926,149.125,0.0,0.0,17417.0,20427.0,1119,1,"Notwithstanding the complete unreliability of official #COVID19-related deaths in #India, it would be interesting t‚Ä¶ https://t.co/dDELyBNY44",2021-04-29 21:21:24,Canberra,[149.12978253 -35.31397979],"Canberra, Australian Capital Territory",notwithstanding complete unreliability official  deaths  would interesting t‚Ä¶,notwithstanding complete unreliability official death would interesting t‚Ä¶,0.214,0.31,0.476,-0.296,149.12978253,-35.31397979,4.80398205016128
Canberra,-35.270926,149.125,0.0,0.0,17417.0,20427.0,1119,1,Wouldn't be me standing within spitting distance of either Laming or #ScottyFromMarketing https://t.co/0ux1KBOt62,2021-04-30 12:21:37,"Queanbeyan, New South Wales",[149.12978253 -35.31397979],"Canberra, Australian Capital Territory",standing within spitting distance either laming ,standing within spitting distance either laming,0.0,0.0,1.0,0.0,149.12978253,-35.31397979,4.80398205016128
Canberra,-35.270926,149.125,0.0,0.0,17417.0,20427.0,1119,1,"Yet again an excellent, must read article by Arundhati Roy which systematically shreds the little credibility‚Ä¶ https://t.co/NIEFw2l0xL",2021-04-30 07:43:33,Canberra,[149.12978253 -35.31397979],"Canberra, Australian Capital Territory","yet excellent, must read article arundhati roy systematically shreds little credibility‚Ä¶","yet excellent, must read article arundhati roy systematically shred little credibility‚Ä¶",0.27,0.0,0.73,0.5719,149.12978253,-35.31397979,4.80398205016128
Brisbane,-27.446,153.0280495,524.0,0.0,17228.0,0.0,968,1,There are lots of other reasons  like shock jocks and MSM but everyone must have noticed  Fukmo's  popularity has t‚Ä¶ https://t.co/bWOSqsnXFp,2021-04-23 20:27:40,brisbane,[152.99319654 -27.38214299],"Brisbane, Queensland",lots reasons like shock jocks msm everyone must noticed fukmos popularity t‚Ä¶,lot reason like shock jock msm everyone must noticed fukmos popularity t‚Ä¶,0.326,0.151,0.523,0.4588,152.99319654,-27.38214299,7.8851412879983656
Brisbane,-27.446,153.0280495,524.0,0.0,17228.0,0.0,968,1,"@6PR @MarkMcGowanMP must be the cure for #covid19. Everytime he makes a shit decision, the dam virus disappears and‚Ä¶ https://t.co/TFBKdNcQvj",2021-04-28 12:57:33,"Brisbane, Queensland",[152.99319654 -27.38214299],"Brisbane, Queensland","  must cure  everytime makes shit decision, dam virus disappears and‚Ä¶","must cure everytime make shit decision, dam virus disappears and‚Ä¶",0.0,0.429,0.571,-0.7184,152.99319654,-27.38214299,7.8851412879983656
Brisbane,-27.446,153.0280495,524.0,0.0,17228.0,0.0,968,1,"So when @AnnastaciaMP made a decision for #Queensland based on medical advice, it was wrong, but when you make one‚Ä¶ https://t.co/70rT8Ev52h",2021-04-29 10:53:53,QLD Australia,[152.99319654 -27.38214299],"Brisbane, Queensland"," made decision  based medical advice, wrong, make one‚Ä¶","made decision based medical advice, wrong, make one‚Ä¶",0.0,0.307,0.693,-0.4767,152.99319654,-27.38214299,7.8851412879983656
Brisbane,-27.446,153.0280495,524.0,0.0,17228.0,0.0,968,1,"Since COVID-19 arrived in 2020, there have been six major election events in Australia: three state elections, two‚Ä¶ https://t.co/aTrmRALGZ8",2021-05-01 13:03:41,Jagera & Turrbal land/Brisbane,[152.99319654 -27.38214299],"Brisbane, Queensland","since covid-19 arrived 2020, six major election events australia: three state elections, two‚Ä¶","since covid-19 arrived 2020, six major election event australia: three state elections, two‚Ä¶",0.0,0.0,1.0,0.0,152.99319654,-27.38214299,7.8851412879983656
Brisbane,-27.446,153.0280495,524.0,0.0,17228.0,0.0,968,1,"Great analogy

#March4Justice #EnoughIsEnough https://t.co/z23Bapci9o",2021-04-24 10:30:22,"Brisbane, Queensland",[152.99319654 -27.38214299],"Brisbane, Queensland",great analogy  ,great analogy,0.804,0.0,0.196,0.6249,152.99319654,-27.38214299,7.8851412879983656
Brisbane,-27.446,153.0280495,524.0,0.0,17228.0,0.0,968,1,@20thCenturyDan Organising our next #March4Justice rally in Brisbane on Friday.,2021-04-24 11:31:57,"Brisbane, Queensland",[152.99319654 -27.38214299],"Brisbane, Queensland", organising next  rally brisbane friday.,organising next rally brisbane friday.,0.0,0.0,1.0,0.0,152.99319654,-27.38214299,7.8851412879983656
Brisbane,-27.446,153.0280495,524.0,0.0,17228.0,0.0,968,1,Nothing good ever comes from a ‚Äúfrank and robust discussion.‚Äù #auspol #ScottyFromDamageControl #ScottyTheAnnouncer #ScottyFromMarketing,2021-04-30 08:38:56,"Brisbane, Australia",[152.99319654 -27.38214299],"Brisbane, Queensland",nothing good ever comes ‚Äúfrank robust discussion.‚Äù    ,nothing good ever come ‚Äúfrank robust discussion.‚Äù,0.245,0.245,0.51,-0.0015,152.99319654,-27.38214299,7.8851412879983656
Brisbane,-27.446,153.0280495,524.0,0.0,17228.0,0.0,968,1,"Agreed @MrKRudd - this is pathetic, just like our current PM #MurdochGutterMedia #ScottyMustGo https://t.co/iKFYWduN9K",2021-04-28 10:51:19,"Queensland, Australia",[152.99319654 -27.38214299],"Brisbane, Queensland","agreed  - pathetic, like current pm  ","agreed - pathetic, like current pm",0.407,0.327,0.265,-0.0258,152.99319654,-27.38214299,7.8851412879983656
Brisbane,-27.446,153.0280495,524.0,0.0,17228.0,0.0,968,1,There was a movie once where prisoners wore a collar that gently removed their head if they strayed. Just an idea..‚Ä¶ https://t.co/nSeTBvICP3,2021-04-26 22:37:57,"Brisbane, Queensland",[152.99319654 -27.38214299],"Brisbane, Queensland",movie prisoners wore collar gently removed head strayed. idea..‚Ä¶,movie prisoner wore collar gently removed head strayed. idea..‚Ä¶,0.222,0.259,0.519,-0.128,152.99319654,-27.38214299,7.8851412879983656
Brisbane,-27.446,153.0280495,524.0,0.0,17228.0,0.0,968,1,RT @nhmrc the achievements with vaccines for #COVID19  in #year2020 were built on years of investment in research -‚Ä¶ https://t.co/DqSBUjDrdv,2021-04-27 20:01:56,"Brisbane, Queensland",[152.99319654 -27.38214299],"Brisbane, Queensland",rt  achievements vaccines   built years investment research -‚Ä¶,rt achievement vaccine built year investment research -‚Ä¶,0.0,0.0,1.0,0.0,152.99319654,-27.38214299,7.8851412879983656
Adelaide,-34.905106,138.596,0.0,0.0,12475.0,26787.0,2292,1,"Hey @ScottMorrisonMP , whatever happened to ‚Äúeveryone is welcome at god‚Äôs table‚Äù, or don‚Äôt you cover that at your P‚Ä¶ https://t.co/Epv926obGc",2021-04-30 22:44:12,"Adelaide, Australia",[138.61115987 -35.00076706],"Adelaide, South Australia","hey  , whatever happened ‚Äúeveryone welcome god‚Äôs table‚Äù, don‚Äôt cover p‚Ä¶","hey , whatever happened ‚Äúeveryone welcome god‚Äôs table‚Äù, don‚Äôt cover p‚Ä¶",0.231,0.0,0.769,0.4588,138.61115987,-35.00076706,10.719644947128872
Adelaide,-34.905106,138.596,0.0,0.0,12475.0,26787.0,2292,1,"This butterfly has a 94% chance of extinction within 20 years. 

In fact, it could already be #extinct. This is the‚Ä¶ https://t.co/WpN446lZ6t",2021-04-28 10:40:00,Australia,[138.61115987 -35.00076706],"Adelaide, South Australia","butterfly 94% chance extinction within 20 years. fact, could already  the‚Ä¶","butterfly 94% chance extinction within 20 years. fact, could already the‚Ä¶",0.167,0.0,0.833,0.25,138.61115987,-35.00076706,10.719644947128872
Adelaide,-34.905106,138.596,0.0,0.0,12475.0,26787.0,2292,1,"@DarylTractor @JaeRagnarok @DanielAndrewsMP &amp; the #labor state premiers did nothing?
#bullshit",2021-04-30 08:07:26,Adelaide Australia,[138.61115987 -35.00076706],"Adelaide, South Australia",   &amp;  state premiers nothing? ,&amp; state premier nothing?,0.0,0.0,1.0,0.0,138.61115987,-35.00076706,10.719644947128872
Adelaide,-34.905106,138.596,0.0,0.0,12475.0,26787.0,2292,1,#IMO @ScottMorrisonMP is a #vile #disgusting #humanbeing for wanting to #KeepAustraliansOut &amp;‚Ä¶ https://t.co/ei3VQuJRRR,2021-05-01 11:17:47,Kaurna Land SA,[138.61115987 -35.00076706],"Adelaide, South Australia",     wanting  &amp;‚Ä¶,wanting &amp;‚Ä¶,0.0,0.0,1.0,0.0,138.61115987,-35.00076706,10.719644947128872
Adelaide,-34.905106,138.596,0.0,0.0,12475.0,26787.0,2292,1,I feel for all those in India! So many suffering &amp; dying from #COVID19. How many more will die whilst they wait for‚Ä¶ https://t.co/hOsiqZrnHS,2021-05-01 02:50:51,"Adelaide, South Australia",[138.61115987 -35.00076706],"Adelaide, South Australia",feel india! many suffering &amp; dying  many die whilst wait for‚Ä¶,feel india! many suffering &amp; dying many die whilst wait for‚Ä¶,0.0,0.448,0.552,-0.807,138.61115987,-35.00076706,10.719644947128872
Adelaide,-34.905106,138.596,0.0,0.0,12475.0,26787.0,2292,1,"#ScottyFromMarketing #ScottyFromCoverups #scottymustgo #MurdochGutterMedia #MurdochRoyalCommission
Alan Kohler: Sco‚Ä¶ https://t.co/K2ihPLF4H2",2021-04-26 02:24:11,"Adelaide, South Australia",[138.61115987 -35.00076706],"Adelaide, South Australia",     alan kohler: sco‚Ä¶,alan kohler: sco‚Ä¶,0.0,0.0,1.0,0.0,138.61115987,-35.00076706,10.719644947128872
Adelaide,-34.905106,138.596,0.0,0.0,12475.0,26787.0,2292,1,"#separatechurchandstate #ScottyMustGo
Scott Morrison wants Australians to know he‚Äôs a Pentecostal Christian, but qu‚Ä¶ https://t.co/sOu1uXhSe8",2021-05-01 03:11:36,"Adelaide, South Australia",[138.61115987 -35.00076706],"Adelaide, South Australia","  scott morrison wants australians know he‚Äôs pentecostal christian, qu‚Ä¶","scott morrison want australian know he‚Äôs pentecostal christian, qu‚Ä¶",0.14,0.0,0.86,0.0772,138.61115987,-35.00076706,10.719644947128872
Adelaide,-34.905106,138.596,0.0,0.0,12475.0,26787.0,2292,1,@toninicho No. We need proper quarantine.  Current plans just prop up Hotel Chains. We need proper quarantine for‚Ä¶ https://t.co/lY1wssH97U,2021-04-26 06:01:16,"Adelaide, South Australia",[138.61115987 -35.00076706],"Adelaide, South Australia", no. need proper quarantine. current plans prop hotel chains. need proper quarantine for‚Ä¶,no. need proper quarantine. current plan prop hotel chains. need proper quarantine for‚Ä¶,0.0,0.0,1.0,0.0,138.61115987,-35.00076706,10.719644947128872
Adelaide,-34.905106,138.596,0.0,0.0,12475.0,26787.0,2292,1,"#DomesticViolence #EnoughIsEnough #EndViolenceAgainstWomen 
Kelly Wilkinson‚Äôs alleged killer told of murder charges‚Ä¶ https://t.co/ydEH2vr86w",2021-05-01 03:11:36,"Adelaide, South Australia",[138.61115987 -35.00076706],"Adelaide, South Australia",   kelly wilkinson‚Äôs alleged killer told murder charges‚Ä¶,kelly wilkinson‚Äôs alleged killer told murder charges‚Ä¶,0.0,0.643,0.357,-0.875,138.61115987,-35.00076706,10.719644947128872
Adelaide,-34.905106,138.596,0.0,0.0,12475.0,26787.0,2292,1,"#ScottyMustGo #ScottyTheGaslighter #ScottyFromHillsong #ClimateLeadersSummit
Scott Morrison‚Äôs climate summit speech‚Ä¶ https://t.co/pKsJhxq5kz",2021-04-24 01:10:09,"Adelaide, South Australia",[138.61115987 -35.00076706],"Adelaide, South Australia",    scott morrison‚Äôs climate summit speech‚Ä¶,scott morrison‚Äôs climate summit speech‚Ä¶,0.0,0.0,1.0,0.0,138.61115987,-35.00076706,10.719644947128872
Adelaide,-34.905106,138.596,0.0,0.0,12475.0,26787.0,2292,1,"#LNPfail #ScottyMustGo

FOI failure: The tricks our pollies and bureaucrats use to keep Australians in the dark | T‚Ä¶ https://t.co/JFF5IFW7lk",2021-04-25 01:51:21,"Adelaide, South Australia",[138.61115987 -35.00076706],"Adelaide, South Australia",  foi failure: tricks pollies bureaucrats use keep australians dark | t‚Ä¶,foi failure: trick pollies bureaucrat use keep australian dark | t‚Ä¶,0.0,0.333,0.667,-0.5423,138.61115987,-35.00076706,10.719644947128872
Adelaide,-34.905106,138.596,0.0,0.0,12475.0,26787.0,2292,1,"I called it over a week ago where #newspoll would be tonight. 

Marketing boy just did 10 days of a mini election a‚Ä¶ https://t.co/2ot6a2LZKR",2021-04-25 12:11:13,"Adelaide, South Australia",[138.61115987 -35.00076706],"Adelaide, South Australia",called week ago  would tonight. marketing boy 10 days mini election a‚Ä¶,called week ago would tonight. marketing boy 10 day mini election a‚Ä¶,0.0,0.0,1.0,0.0,138.61115987,-35.00076706,10.719644947128872
Adelaide,-34.905106,138.596,0.0,0.0,12475.0,26787.0,2292,1,"Hey #ScottyTheChosenOne I‚Äôd start listening to @MarkMcGowanMP re quarantine facilities, after all, he is partly res‚Ä¶ https://t.co/OktpD5ejQl",2021-04-27 12:42:08,"Adelaide, Australia",[138.61115987 -35.00076706],"Adelaide, South Australia","hey  i‚Äôd start listening  quarantine facilities, all, partly res‚Ä¶","hey i‚Äôd start listening quarantine facilities, all, partly res‚Ä¶",0.0,0.0,1.0,0.0,138.61115987,-35.00076706,10.719644947128872
Adelaide,-34.905106,138.596,0.0,0.0,12475.0,26787.0,2292,1,"#ScottyFromGilead #ScottyBlahBlah #ScottyMustGo 
‚ÄòFuel on the fire‚Äô: war of words between Australia and China stoke‚Ä¶ https://t.co/WxbrNAXH0x",2021-04-29 02:51:39,"Adelaide, South Australia",[138.61115987 -35.00076706],"Adelaide, South Australia",   ‚Äòfuel fire‚Äô: war words australia china stoke‚Ä¶,‚Äòfuel fire‚Äô: war word australia china stoke‚Ä¶,0.0,0.394,0.606,-0.5994,138.61115987,-35.00076706,10.719644947128872
Adelaide,-34.905106,138.596,0.0,0.0,12475.0,26787.0,2292,1,"We‚Äôve got to keep making noise Australia, we can‚Äôt grow silent again on violence against women and children. Silenc‚Ä¶ https://t.co/8mobloxL5h",2021-04-30 23:17:51,,[138.61115987 -35.00076706],"Adelaide, South Australia","we‚Äôve got keep making noise australia, can‚Äôt grow silent violence women children. silenc‚Ä¶","we‚Äôve got keep making noise australia, can‚Äôt grow silent violence woman children. silenc‚Ä¶",0.0,0.255,0.745,-0.6249,138.61115987,-35.00076706,10.719644947128872
